IP Block,Country,Country State,City
38.102.12.0/24,US,US-PA,DANVILLE
154.13.164.128/25,US,US-PA,READING
154.13.165.0/24,US,US-PA,READING
38.102.13.0/24,US,US-PA,MONTOURSVILLE
154.13.165.0/23,US,US-PA,MUHLENBERG
38.34.128.128/25,US,US-PA,DANVILLE
38.34.129.0/25,US,US-PA,MONTOURSVILLE
38.34.130.0/24,US,US-PA,READING
154.13.166.0/24,US,US-PA,MUHLENBERG
154.13.164.32.27,US,US-PA,READING
167.94.99.135,US,US-PA,READING
147.185.187.224/28,US,US-PA,READING
38.34.128.0/25,US,US-PA,READING
147.185.187.32/32,US,US-PA,READING
147.185.187.33/32,US,US-PA,READING
147.185.187.34/32,US,US-PA,READING
147.185.187.35/32,US,US-PA,READING
147.185.187.36/32,US,US-PA,READING
147.185.187.37/32,US,US-PA,READING
147.185.187.38/32,US,US-PA,READING
147.185.187.39/32,US,US-PA,READING
147.185.187.40/32,US,US-PA,READING
147.185.187.41/32,US,US-PA,READING
147.185.187.42/32,US,US-PA,READING
147.185.187.43/32,US,US-PA,READING
147.185.187.44/32,US,US-PA,READING
147.185.187.45/32,US,US-PA,READING
147.185.187.46/32,US,US-PA,READING
147.185.187.47/32,US,US-PA,READING
147.185.187.48/32,US,US-PA,READING
147.185.187.49/32,US,US-PA,READING
147.185.187.50/32,US,US-PA,READING
147.185.187.51/32,US,US-PA,READING
147.185.187.52/32,US,US-PA,READING
147.185.187.53/32,US,US-PA,READING
147.185.187.54/32,US,US-PA,READING
147.185.187.55/32,US,US-PA,READING
147.185.187.56/32,US,US-PA,READING
147.185.187.57/32,US,US-PA,READING
147.185.187.58/32,US,US-PA,READING
147.185.187.59/32,US,US-PA,READING
147.185.187.60/32,US,US-PA,READING
147.185.187.61/32,US,US-PA,READING
147.185.187.62/32,US,US-PA,READING
147.185.187.63/32,US,US-PA,READING
147.185.187.64/32,US,US-PA,READING
147.185.187.65/32,US,US-PA,READING
147.185.187.66/32,US,US-PA,READING
147.185.187.67/32,US,US-PA,READING
147.185.187.68/32,US,US-PA,READING
147.185.187.69/32,US,US-PA,READING
147.185.187.70/32,US,US-PA,READING
147.185.187.71/32,US,US-PA,READING
147.185.187.72/32,US,US-PA,READING
147.185.187.73/32,US,US-PA,READING
147.185.187.74/32,US,US-PA,READING
147.185.187.75/32,US,US-PA,READING
147.185.187.76/32,US,US-PA,READING
147.185.187.77/32,US,US-PA,READING
147.185.187.78/32,US,US-PA,READING
147.185.187.79/32,US,US-PA,READING
147.185.187.80/32,US,US-PA,WILLIAMSPORT
147.185.187.81/32,US,US-PA,WILLIAMSPORT
147.185.187.82/32,US,US-PA,WILLIAMSPORT
147.185.187.83/32,US,US-PA,WILLIAMSPORT
147.185.187.84/32,US,US-PA,WILLIAMSPORT
147.185.187.85/32,US,US-PA,WILLIAMSPORT
147.185.187.86/32,US,US-PA,WILLIAMSPORT
147.185.187.87/32,US,US-PA,WILLIAMSPORT
147.185.187.88/32,US,US-PA,WILLIAMSPORT
147.185.187.89/32,US,US-PA,WILLIAMSPORT
147.185.187.90/32,US,US-PA,WILLIAMSPORT
147.185.187.91/32,US,US-PA,WILLIAMSPORT
147.185.187.92/32,US,US-PA,WILLIAMSPORT
147.185.187.93/32,US,US-PA,WILLIAMSPORT
147.185.187.94/32,US,US-PA,WILLIAMSPORT
147.185.187.95/32,US,US-PA,WILLIAMSPORT
147.185.187.96/32,US,US-PA,WILLIAMSPORT
147.185.187.97/32,US,US-PA,WILLIAMSPORT
147.185.187.98/32,US,US-PA,WILLIAMSPORT
147.185.187.99/32,US,US-PA,READING
147.185.187.100/32,US,US-PA,READING
147.185.187.101/32,US,US-PA,READING
147.185.187.102/32,US,US-PA,READING
147.185.187.103/32,US,US-PA,READING
147.185.187.104/32,US,US-PA,READING
147.185.187.105/32,US,US-PA,READING
147.185.187.106/32,US,US-PA,MUHLENBERG
147.185.187.107/32,US,US-PA,MUHLENBERG
147.185.187.108/32,US,US-PA,MUHLENBERG
147.185.187.109/32,US,US-PA,MUHLENBERG
147.185.187.110/32,US,US-PA,MUHLENBERG
147.185.187.111/32,US,US-PA,MUHLENBERG
147.185.187.112/32,US,US-PA,MUHLENBERG
147.185.187.113/32,US,US-PA,MUHLENBERG
147.185.187.114/32,US,US-PA,MUHLENBERG
147.185.187.115/32,US,US-PA,MUHLENBERG
147.185.187.116/32,US,US-PA,MUHLENBERG
147.185.187.117/32,US,US-PA,READING
147.185.187.118/32,US,US-PA,READING
147.185.187.119/32,US,US-PA,READING
147.185.187.120/32,US,US-PA,READING
147.185.187.121/32,US,US-PA,READING
147.185.187.122/32,US,US-PA,READING
147.185.187.123/32,US,US-PA,MONTOURSVILLE
147.185.187.124/32,US,US-PA,MONTOURSVILLE
147.185.187.125/32,US,US-PA,MONTOURSVILLE
147.185.187.126/32,US,US-PA,MONTOURSVILLE
147.185.187.127/32,US,US-PA,MONTOURSVILLE
147.185.187.128/32,US,US-PA,MONTOURSVILLE
147.185.187.129/32,US,US-PA,MONTOURSVILLE
147.185.187.130/32,US,US-PA,MONTOURSVILLE
147.185.187.131/32,US,US-PA,MONTOURSVILLE
147.185.187.132/32,US,US-PA,MONTOURSVILLE
147.185.187.133/32,US,US-PA,MONTOURSVILLE
147.185.187.134/32,US,US-PA,MONTOURSVILLE
147.185.187.135/32,US,US-PA,WILLIAMSPORT
147.185.187.136/32,US,US-PA,WILLIAMSPORT
147.185.187.137/32,US,US-PA,WILLIAMSPORT
147.185.187.138/32,US,US-PA,WILLIAMSPORT
147.185.187.139/32,US,US-PA,WILLIAMSPORT
147.185.187.140/32,US,US-PA,WILLIAMSPORT
147.185.187.141/32,US,US-PA,WILLIAMSPORT
147.185.187.142/32,US,US-PA,WILLIAMSPORT
147.185.187.143/32,US,US-PA,WILLIAMSPORT
147.185.187.144/32,US,US-PA,WILLIAMSPORT
147.185.187.145/32,US,US-PA,WILLIAMSPORT
147.185.187.146/32,US,US-PA,WILLIAMSPORT
147.185.187.147/32,US,US-PA,WILLIAMSPORT
147.185.187.148/32,US,US-PA,WILLIAMSPORT
147.185.187.149/32,US,US-PA,WILLIAMSPORT
147.185.187.150/32,US,US-PA,DANVILLE
147.185.187.151/32,US,US-PA,DANVILLE
147.185.187.152/32,US,US-PA,DANVILLE
147.185.187.153/32,US,US-PA,DANVILLE
147.185.187.154/32,US,US-PA,DANVILLE
147.185.187.155/32,US,US-PA,DANVILLE
147.185.187.156/32,US,US-PA,DANVILLE
147.185.187.157/32,US,US-PA,DANVILLE
147.185.187.158/32,US,US-PA,DANVILLE
147.185.187.159/32,US,US-PA,BLOOMSBURG
147.185.187.160/32,US,US-PA,BLOOMSBURG
147.185.187.161/32,US,US-PA,BLOOMSBURG
147.185.187.162/32,US,US-PA,BLOOMSBURG
147.185.187.163/32,US,US-PA,BLOOMSBURG
147.185.187.164/32,US,US-PA,BLOOMSBURG
147.185.187.165/32,US,US-PA,BLOOMSBURG
147.185.187.166/32,US,US-PA,BLOOMSBURG
147.185.187.167/32,US,US-PA,BLOOMSBURG
147.185.187.168/32,US,US-PA,BLOOMSBURG
147.185.187.169/32,US,US-PA,BLOOMSBURG
147.185.187.170/32,US,US-PA,BLOOMSBURG
147.185.187.171/32,US,US-PA,TEMPLE
147.185.187.172/32,US,US-PA,TEMPLE
147.185.187.173/32,US,US-PA,TEMPLE
147.185.187.174/32,US,US-PA,TEMPLE
147.185.187.175/32,US,US-PA,TEMPLE
147.185.187.176/32,US,US-PA,TEMPLE
147.185.187.177/32,US,US-PA,TEMPLE
147.185.187.178/32,US,US-PA,TEMPLE
147.185.187.179/32,US,US-PA,TEMPLE
147.185.187.180/32,US,US-PA,TEMPLE
147.185.187.181/32,US,US-PA,TEMPLE
147.185.187.182/32,US,US-PA,TEMPLE
147.185.187.183/32,US,US-PA,TEMPLE
147.185.187.184/32,US,US-PA,TEMPLE
147.185.187.185/32,US,US-PA,TEMPLE
147.185.187.186/32,US,US-PA,WERNERSVILLE
147.185.187.187/32,US,US-PA,WERNERSVILLE
147.185.187.188/32,US,US-PA,WERNERSVILLE
147.185.187.189/32,US,US-PA,WERNERSVILLE
147.185.187.190/32,US,US-PA,WERNERSVILLE
147.185.187.191/32,US,US-PA,WERNERSVILLE
147.185.187.192/32,US,US-PA,WERNERSVILLE
147.185.187.193/32,US,US-PA,WERNERSVILLE
147.185.187.194/32,US,US-PA,WERNERSVILLE
147.185.187.195/32,US,US-PA,WERNERSVILLE
147.185.187.196/32,US,US-PA,WERNERSVILLE
147.185.187.197/32,US,US-PA,WERNERSVILLE
147.185.187.198/32,US,US-PA,READING
147.185.187.199/32,US,US-PA,READING
147.185.187.200/32,US,US-PA,READING
147.185.187.201/32,US,US-PA,READING
147.185.187.202/32,US,US-PA,READING
147.185.187.203/32,US,US-PA,READING
147.185.187.204/32,US,US-PA,READING
147.185.187.205/32,US,US-PA,READING
147.185.187.206/32,US,US-PA,READING
147.185.187.207/32,US,US-PA,READING
147.185.187.208/32,US,US-PA,READING
147.185.187.209/32,US,US-PA,READING
147.185.187.210/32,US,US-PA,READING
147.185.187.211/32,US,US-PA,READING
147.185.187.212/32,US,US-PA,READING
147.185.187.213/32,US,US-PA,READING
147.185.187.214/32,US,US-PA,READING
147.185.187.215/32,US,US-PA,READING
147.185.187.216/32,US,US-PA,READING
147.185.187.217/32,US,US-PA,READING
147.185.187.218/32,US,US-PA,READING
147.185.187.219/32,US,US-PA,READING
147.185.187.220/32,US,US-PA,READING
147.185.187.221/32,US,US-PA,READING
147.185.187.222/32,US,US-PA,READING